Name, Rate, Phone Numbers that Start With,
Afghanistan,0.29000,93
Afghanistan,0.41500,"9370, 9372, 9375, 9376, 9377, 9378, 9379"
Albania,0.47500,"35566, 35567, 35568, 35569"
Albania,1.70500,3554249
"Burkina Faso",0.29000,226
